Part	Country	Site	Cultural phase/ Dates	Dates	Notes on Dating	Confidence	Lower Range BC	Lower Range CE	Lower Range BP	Upper Range BC	Upper Range CE	Upper Range BP	Records	Latitude	Longtitude
Central Africa	Cameroon	Blé Mound B 	N/A	~1,290-1,440 CE		Maybe		1290	660		1440	510	1 specimen	6.21668	11.43334
Central Africa	Cameroon	Blé Mound E 	N/A	~900-1,270 CE		No		900	1050		1270	680	1 specimen	6.21667	11.43333
Central Africa	Congo	Sanga	N/A	~900-1,300 CE		No		900	1050		1300	650	1 skeleton	1.46623	15.40681
Central Africa	Rwanda	Akameru	N/A	~800-1,260 CE		No		800	1150		1260	690	specimens	-1.50346	29.63253
Central Africa	Rwanda	Cyinkomane	N/A	~800-1,300 CE		No		800	1150		1300	650	specimens	-1.50347	29.63254
Central Asia	Uzbekistan	Kurgansol	Persian Period	330-200 BCE 		Maybe	330		2280	200		2150	16 specimens	38.095594	67.184208
Eastern Africa	Comoro islands	Sima	N/A	~1,000-1,100 CE		Maybe		1000	950		1100	850	specimens	-12.21381	44.43706
Eastern Africa	Comoro islands	Domomi 	N/A	~1,000-1,300 CE		No		1000	950		1300	650	specimens	-12.21382	44.43706
Eastern Africa	Comoro islands	Koungou	N/A	~700/800-1,000 CE		No		700	1250		1000	950	specimens	-12.73681	45.20679
Eastern Africa	Comoro islands	Dembeni	N/A	~700/800-1,000 CE		No		700	1250		1000	950	specimens	-12.73682	45.20679
Eastern Africa	Ethiopia	Ona Nagast, Axum	Early Aksumite	~50/40 BCE-140/170 CE		No	50		2000		170	1780	1 specimen	14.13404	38.74730
Eastern Africa	Ethiopia	Mezber	Pre-Aksumite	~747-389 BCE	Directly RCD	Yes	747		2697	389		2339	20 specimens; 10 specimens	14.13403	38.74729
Eastern Africa	Ethiopia	Mezber	Pre-Aksumite	~820-595 BCE	Directly RCD	Yes	820		2770	595		2545	20 specimens; 10 specimens	14.13403	38.74729
Eastern Africa	Ethiopia	Ona Nagast, Axum	Middle Aksumite	~340/370-500/550 CE		No		340	1610		550	1400	3 specimens	14.13404	38.74730
Eastern Africa	Kenya	Pate 	Phase Ia	~750-850 CE		Maybe		750	1200		850	1100	specimen(s)	-2.1	41.05
Eastern Africa	Kenya	Shanga	N/A	~775-850 CE		Maybe		775	1175		850	1100	specimens	-2.283333	40.9
Eastern Africa	Kenya	Chombo	N/A	~775-975 CE		Maybe		775	1175		975	975	specimen(s)	-4.13824	39.60571
Eastern Africa	Kenya	Mgombani	N/A	~600-850 CE		No		600	1350		850	1100	specimen(s)	-1.5461	41.4936
Eastern Africa	Kenya	Manda	N/A	~850-1,250 CE		No		850	1100		1250	700	specimen(s)	-2.256786	40.935551
Eastern Africa	Madagaskar	Andaro	N/A	900-1,300 CE		No		900	1050		1300	650	specimens	-24.65	45.38333
Eastern Africa	Madagaskar	Mahilaka 	Occupation unit Ia	~875-1,000 CE		No		875	1075		1000	950	5 specimens	-13.4	48.283333
Eastern Africa	Madagaskar	Mahilaka 	Occupation unit Ib	~1,000-1,300 CE		No		1000	950		1300	650	8 specimens	-13.4	48.283333
Eastern Africa	Mauritius	Fort Frederik Hendrik		Last quarter of the 17th century CE, possibly even between 1694 and 1698 CE.	Historical Document Specific Date	Yes		1675	275		1698	252	2 specimens	-20.37389	57.72728
Eastern Africa	Mauritius	Bay giving access to Fort Frederik Hendrik	N/A	1639 CE	Historical Document Specific Date	Yes		1639	311		1639	311	written record	-20.37389	57.72728
Eastern Africa	Mauritius	Fort Frederik Hendrik	N/A	1598 CE	Historical Document Specific Date	Yes		1598	352		1598	352	written record	-20.37389	57.72728
Eastern Africa	Mozambique	Chibuene	N/A	700-1,000/1,400 CE		No		700	1250		1400	550	15 specimens	-22.033333	35.325
Eastern Africa	Tanzania	Mpiji	N/A	~575-750 CE		Maybe		575	1375		750	1200	1 specimen	-6.86667	38.95
Eastern Africa	Tanzania	Unguja Ukuu	N/A	~500(?)-1,150 CE		No		500	1450		1150	800	5 specimens	-6.13574	39.36213
Eastern Africa	Tanzania	Fukuchani	N/A	~600-800 CE		Maybe		600	1350		800	1150	specimens	-6.13573	39.36212
Eastern Africa	Tanzania	Mtambwe Mkuu	N/A	post-800 CE		No		800	1150		800	1150	specimens	-5.06667	39.71667
Eastern Asia	China	Shenmingpu 	Early Han Dynasty	202-141 BCE		Maybe	202		2152	141		2091	1 partial skeleton	33.138	111.491
Eastern Asia	China	Jiuliandun	Warring States Period	476-221 BCE		No	476		2426	221		2171	1 skeleton	31.974167	112.851667
Eastern Asia	China	Yinxu	Late Shang Dynasty 	1,320-1,046 BCE		No	1320		3270	1046		2996	1 partial	36.126667	114.313889
Eastern Asia	China	Dasikongcun	Late Shang Dynasty	1,320-1,046 BCE		No	1320		3270	1046		2996	2 skeletons	36.12522	114.33602
Eastern Asia	China	Maojiaping, Gansu Province	Warring States Period	476-221 BCE		No	476		2426	221		2171	partial skeletons	34.985278	105.016389
Eastern Asia	China	Capital city of Zhu, Shandong Province	Warring States Period	476-221 BCE		No	476		2426	221		2171	6 specimens (total site)	36.4	118.4
Eastern Asia	China	Maojiaping, Gansu Province	Spring and Autumn Period	770-476 BCE		No	770		2720	476		2426	1 partial skeleton	34.985278	105.016389
Eastern Asia	China	Capital city of Zhu, Shandong Province	Spring and Autumn Period	770-476 BCE 		No	770		2720	476		2426	6 specimens (total site)	36.4	118.4
Eastern Asia	Japan	Haruno-tsuji, Iki Island	Middle-Late Yayoi Period	100 BCE-250 CE		No	100		2050		250	1700	3 specimens	33.76297	129.75023
Eastern Asia	Japan	Karakami, Iki Island	Middle-Late Yayoi Period 	100 BCE-250 CE		No	100		2050		250	1700	2 specimens	33.79199	129.69721
Eastern Asia	Japan	Tsukasaki-higashi-hata	Middle-Late Yayoi Period	100 BCE-250 CE		No	100		2050		250	1700	1 specimen	33.20192	130.37476
Eastern Asia	Japan	Asahi	Late Yayoi Period	100 CE-250 CE		Maybe		100	1850		250	1700	1 specimen	35.22007	136.85207
Eastern Asia	Japan	Sakemi	Late Yayoi Period 	100 CE-250 CE		Maybe		100	1850		250	1700	2 specimens	33.2295	130.34729
Eastern Asia	Japan	Miyanoshita	Late Yayoi-Middle Kofun	100 CE-538CE		No		100	1850		538	1412	3 specimens	34.70549	135.53284
Europe	Austria	Frauenberg bei Leibnitz	La Tène D	~150-15 BCE		Maybe	150		2100	15		1965	17 specimens	47.433333	15.35
Europe	Austria	Faggen	La Tène D	~190/150-15 BCE		Maybe	190		2140	15		1965	1 specimen	47.080556	10.672222
Europe	Austria	Birgitz	La Tène C/D	~250-15 BCE		No	250		2200	15		1965	7 specimens	47.234167	11.300833
Europe	Austria	Roseldorf	La Tène C	250-190/150 BCE		Maybe	250		2200	150		2100	21 + 2 partial skeletons	48.64528	15.93056
Europe	Austria	Mannersdorf a. Leithagebirge	La Tène B/C	~350-190/150 BCE		Maybe	350		2300	150		2100	?	47.97446	16.60327
Europe	Austria	Göttlesbrunn	La Tène B/C	~400-190/150 BCE		No	400		2350	150		2100	13 specimens	48.05841	16.73795
Europe	Austria	Dürrnberg, Moserfeld-Osthang	La Tène B	~400-300 BCE		Maybe	400		2350	300		2250	1 partial skeleton	47.66486	13.09168
Europe	Austria	Dürrnberg, Siedlung im Ramsautal	La Tène B 	~400-300 BCE		Maybe	400		2350	300		2250	6 specimens	47.66487	13.09169
Europe	Austria	Kuffarn	La Tène B	~400-300 BCE		Maybe	400		2350	300		2250	depiction	48.28252	15.29694
Europe	Austria	Dürrnberg, Putzenkopf Nord 	La Tène A-C1	~450-200 BCE		No	450		2400	200		2150	11 specimens	47.666111	13.09
Europe	Austria	Inzersdorf-Walpertsdorf	Halstatt D/La Tène A	c. 650 - 400 BCE		No	650 		2600	400		2350	2	48.31469	15.67745
Europe	Belgium	Tongeren (Kielenstraat)	Early Roman/Obedarian Levels	~10 BCE		Maybe	10		1960	10		1960	5 specimens	50.783333	5.466667
Europe	Belgium	Tongeren (Provinciaal Gallo-Romeins Museum)	Early Roman	~27 BCE-14 CE		Maybe	27		1977		14	1936	1 specimen	50.781389	5.466111
Europe	Belgium	Tongeren (Kielenstraat)	Early Roman/Late Augustan-Tiberian levels	~10-40 CE		Maybe		10	1940		40	1910	3 specimens	50.783333	5.466667
Europe	Belgium	Tongeren (Veemarkt)	Early Roman	~50-70 CE		Maybe		50	1900		70	1880	6 specimens	50.78419	5.47449
Europe	Belgium	Tongeren (Minderbroederstraat)	Early Roman	~1-50 CE 		Maybe		1	1949		50	1900	6 specimens	50.783333	5.466667
Europe	Czech Republic	Rubín (distr. Louny)	Hallstatt C-D/La Tène A	~540-390 BCE	Direct RCD	Yes	540		2490	390		2340	1 skeleton	50.25417	13.43778
Europe	Czech Republik	Poříĉany (distr. Kolin)	Hallstatt D2/D3	~550/530-480/450 BC 		Maybe	550		2500	450		2400	?	50.10807	14.91818
Europe	Czech Republik	Radovesice (feature no. 1024)	Hallstatt D/La Tène A	~600-380 BCE		No	600		2550	380		2330	1 individual 	50.41097	14.06829
Europe	Czech Republik	Prague-Michle	Hallstatt D/La Tène A	~600-380 BCE		No	600 		2550	380		2330	?	50.04829	14.45699
Europe	Denmark	Vejleby	Iron Age	0-375 CE		No	0		1950		375	1575	1 specimen	55.7634	11.8894
Europe	Denmark	Smedegård, Thy, Jutland	Early Roman Iron Age	~202 BCE - 21 CE	Directly RCD	Yes	202		2152		21	1929	1 cock	56.9528	8.60278
Europe	Denmark	Vräby, Zealand	Early Roman Iron Age	~70-200 CE		Maybe		70	1880		200	1750	1 hen (partly)	55.344304	12.161127
Europe	Denmark	Munkehøjgård, Zealand	Early Roman Iron Age	~150-200 CE		Maybe		150	1800		200	1750	1 cock (complete)	54.749086	11.150782
Europe	Denmark	Stilling	Iron Age	~400 CE		Maybe		400	1550		400	1550	1 specimen	56.05822	9.98617
Europe	Denmark	Kærup, Zealand	Late Roman Iron Age	~250 CE		Maybe		250	1700		250	1700	1 cock (complete)	55.486593	11.83002
Europe	Estonia	Asva Hillfort, Saaremaa Island	Pre-Viking Age	~600-800 CE		Maybe		600	1350		800	1150	specimens	58.416667	23.016667
Europe	Estonia	Lõhavere Hillfort	Viking Age/Medieval period 	~800-1,250 CE		No		800	1150		1250	700	3 specimens	58.549799	25.515699
Europe	Estonia	Otepää, Hillfort	Viking Age/Medieval period 	~800-1,250 CE		No		800	1150		1250	700	1 specimen	58.057865	26.504398
Europe	Finland	Levänluhta	Late Iron Age/Early medieval	~685–880 cal CE	Directly RCD	Yes		685	1265		880	1070	1 specimen	62.95033	22.418263
Europe	Finland	Salo (Halikko), Riihikankare	Late Iron Age/Early medieval	~722–864 cal CE	Directly RCD	Yes		722	1228		864	1086	1 specimen	60.386111	23.125
Europe	France	Ennery	La Tène C2	200-150 BCE		Maybe	200		2150	150		2100	10 speciemens	49.2267	6.2175
Europe	France	Verberie	La Tène C	280/250-190/150 BCE		Maybe	280		2230	150		2100	4 specimens	49.3111	2.7322
Europe	France	Vermand	La Tène C	280/250-190/150 BCE		Maybe	280		2230	150		2100	29 specimens	49.87	3.15
Europe	France	Villiers-le-Sec	La Tène C	280/250-190/150 BCE		Maybe	280		2230	150		2100	1 specimen	48.10845	5.06532
Europe	France	Bobigny	La Tène C	280/250-190/160 BCE		Maybe	280		2230	160		2110	5 specimens	48.9106	2.4397
Europe	France	Fontenay-en-Parisis	La Tène C	280/250-190/160 BCE		Maybe	280		2230	160		2110	3 specimens	49.0533	 2.4511
Europe	France	Varennes-sur-Seine	La Tène C	280/250-190/160 BCE		Maybe	280		2230	160		2110	26 specimens	48.375	 2.9267
Europe	France	Ivry-Sur-Seine, Ile-de-France	La Tène C	200-140 BCE		Maybe	200		2150	140		2090	6 specimens	48.814	2.38768
Europe	France	Sigean, Occitanie	Iron Age II	220-200 BC		Maybe	220		2170	200		2150	19 specimens	43.029047	2.98087
Europe	France	Nages-et-Solorgues, Occitanie	Iron Age II	250-175 BC		Maybe	250		2200	175		2125	3 specimens	43.7909	4.22996
Europe	France	Auve	La Tène C1	280/250-200 BCE 		Maybe	280		2230	200		2150	43 specimens	49.03348	4.69406
Europe	France	Les Mesneux	La Tène C1	280/250-200 BCE 		Maybe	280		2230	200		2150	11 specimens	49.21912	3.96025
Europe	France	Tartigny, Hauts-de-France	La Tène B2/C	~300-200 BCE		Maybe	300		2250	200		2150	several specimens	49.63386	2.36145
Europe	France	Epieds-en-Beauce, Centre-Val de Loire	La Tène B2/C	320-150 BC		Maybe	320		2270	150		2100	13 specimens	47.9501 	1.61763
Europe	France	Epieds-en-Beauce, Centre-Val de Loire	La Tène B2	320-260 BC		Maybe	320		2270	260		2210	13 specimens	47.9501	1.61763
Europe	France	Roissy-en-France	La Tène B2	330/320-280/250 BCE		Maybe	330		2280	250		2200	26 specimens	49.00363	2.51698
Europe	France	Auve	La Tène B2	330/320-280/250 BCE		Maybe	330		2280	250		2200	3 specimens	49.03348	4.69406
Europe	France	Ville-Saint-Jacques	La Tène B1	~380-320 BCE		Maybe	380		2330	320		2270	25 specimens	48.34242	2.89405
Europe	France	Sarlièves, Auvergne-Rhône-Alpes	La Tène B1/D2	~400-1 BCE		No	400		2350	1		1951	5 specimens	45.1721	3.51645
Europe	France	Lattes, Occitanie	Iron Age II	~400-100 BCE		No	400		2350	100		2050	several specimens	43.565399	3.901711
Europe	France	Clermont-Ferrand, Auvergne-Rhône-Alpes	La Tène B1/C	~400-100 BCE		No	400		2350	100		2050	several specimens	45.7797	3.08682
Europe	France	Prasville, Centre-Val de Loire	La Tène B1/C	400-150 BC		No	400		2350	150		2100	9 specimens	48.27671	1.709226
Europe	France	Villers-Saint-Paul	La Tène C	~400-200 BCE		Maybe	400		2350	200		2150	3 specimens	49.2897	2.4881
Europe	France	Martigues, Provence-Alpes-Côtes d'Azur	Iron Age II	~400-200 BCE		Maybe	400		2350	200		2150	6 specimens	43.405728	5.054818
Europe	France	Montfaucon, Occitanie	Iron Age II	~400-200 BCE		Maybe	400		2350	200		2150	2 specimens	44.0744	4.75451
Europe	France	Nissan-lez-Ensérune, Occitanie	Iron Age II	~400-200 BCE		Maybe	400		2350	200		2150	several specimens	43.290005	3.127923
Europe	France	Bucy-le-Long, Hauts-de-France	La Tène B	400-260 BC		Maybe	400		2350	260		2210	several specimens	49.3906	3.39377
Europe	France	Sublaines, Centre-Val de Loire	La Tène B1/B2	400-260 BC		Maybe	400		2350	260		2210	1 specimen	47.265098	0.990916
Europe	France	Vénissieux, Auvergne-Rhône-Alpes	La Tène B1	400-320 BC		Maybe	400		2350	320		2270	1 specimen	45.697711	4.885597
Europe	France	Roquelaure, Occitanie	Iron Age II	~400 BCE-100 CE		No	400		2350		100	1850	several specimens	43.721111	0.579722
Europe	France	Mittelhausen, Grand Est	La Tène A/B2	460-260 BC		Maybe	460		2410	260		2210	2 specimens	48.7092	7.62983
Europe	France	Vrigny, Grand Est	La Tène A	460-400 BC		Maybe	460		2410	400		2350	2 specimens	49.2339	3.91322
Europe	France	Aubigny	La Tène A/B	480/450-280/250 BCE		No	480		2430	250		2200	2 specimens	49.89986	2.48329
Europe	France	Bussy-St-Georges	La Tène A/B	480/450-280/250 BCE		No	480		2430	250		2200	12 specimens	48.84221	2.69802
Europe	France	Salses-le-Château, Occitanie	Iron Age II	~500-400 BCE		Maybe	500		2450	400		2350	1 specimen	42.8327	2.91891
Europe	France	Romans-sur-Isère, Auvergne-Rhône-Alpes	Hallstatt D3/ La Tène A	~500-400 BCE		Maybe	500		2450	400		2350	1 specimen	45.0456	5.05086
Europe	France	Saint-Saturnin, Auvergne-Rhône-Alpes	Hallstatt D3/ La Tène A	~500-400 BCE		Maybe	500		2450	400		2350	4 specimens	44.4109	3.18842
Europe	France	Illfurth, Grand Est	Hallstatt D3/ La Tène A	~500-400 BCE		Maybe	500		2450	400		2350	1 specimen	47.674048	7.266968
Europe	France	Entzheim-Geispolsheim, Grand Est	Hallstatt D3/ La Tène A	~500-400 BCE		Maybe	500		2450	400		2350	25 specimens	48.534618	7.635883
Europe	France	Bure, Grand Est	Hallstatt D3/ La Tène A	~500-400 BCE		Maybe	500		2450	400		2350	17 specimens	48.5048	5.35665
Europe	France	Escrennes, Centre-Val de Loire	Hallstatt D3/ La Tène A	~500-400 BCE		Maybe	500		2450	400		2350	12 specimens	48.13287	2.18808
Europe	France	Pfulgriesheim, Grand Est	Hallstatt D3/ La Tène A	~500-400 BCE		Maybe 	500		2450	400		2350	2 specimens	48.6437	7.67095
Europe	France	Tagnon, Grand Est	Hallstatt D3/ La Tène A	~500-400 BCE		Maybe	500		2450	400		2350	30 specimens	49.439187	4.289667
Europe	France	Bussy-Saint-Georges, Ile-de-France	Hallstatt D3/ La Tène A	~500-400 BCE		Maybe	500		2450	400		2350	24 specimens	48.8416	2.69789
Europe	France	Menneville	Hallstatt D2/3-La Tène A/B	550/530 BCE - 280/250 BCE 		No	550		2500	250		2200	2 specimens	50.66921	1.86383
Europe	France	Bucy-le-Long, Grand Marais (le)	Hallstatt D2/3 - La Tène A/B	550/530-280/250 BCE		No	550		2500	250		2200	2 specimens	49.39009	3.39244
Europe	France	Bourges, Littré	Hallstatt D2/3	550/530-480/450 BCE		Maybe	550		2500	450		2400	1 specimen	47.08552	2.39076
Europe	France	Bourges, Saint-Martin-des-Champs	Hallstatt D2/3	550/530-480/450 BCE		Maybe	550		2500	450		2400	21 specimens	47.15696	2.91028
Europe	France	Lyon, 10 rue Marietton	Hallstatt D2/3	550/530-480/450 BCE		Maybe	550		2500	450		2400	?	45.77521	4.80685
Europe	France	Lyon, 65 rue du Souvenir	Hallstatt D2/3	550/530-480/450 BCE		Maybe	550		2500	450		2400	1 specimen	45.77541	4.79597
Europe	France	Lyon, rue du Docteur Horand	Hallstatt D2/3	550/530-480/450 BCE		Maybe	550		2500	450		2400	1 specimen	45.77181	4.80185
Europe	France	Lyon, Station métro Gorge-de-Loup	Hallstatt D2/3	550/530-480/450 BCE		Maybe	550		2500	450		2400	?	45.76683	4.80332
Europe	France	Roquelaure, Occitanie	Iron Age I	~600-400 BCE		No	600		2550	400		2350	1 specimen	43.721111	0.579722
Europe	France	Basly, Normandie	Hallstatt D/La Tène A	~600-400 BCE		Maybe	600		2550	400		2350	2 specimens	49.279675	-0.423489
Europe	France	Ohlungen, Alsace	Hallstatt D	~600-450 BCE		Maybe	600		2550	450		2400	Cock Depiction	48.8119	7.7017
Europe	France	Saint-Martory, Occitanie	Iron Age I	7th - 6th century BCE		Maybe	700		2650	501		2451	1 specimen	43.1436	0.93
Europe	Germany	Dornach/München	La Tène D	150-15 BCE		Maybe	150		2100	15		1965	1 specimen	48.1539	11.6899
Europe	Germany	Ülversheim	La Tène C-D 	250-15 BCE		No	250		2200	15		1965	7 specimens	49.81	8.288333
Europe	Germany	Manching	La Tène C-D2	250-50/30 BCE		No	250		2200	30		1980	> 200 specimens	48.718611	11.497222
Europe	Germany	Berching-Pollanten	La Tène C2-D	250-50/30 BCE		No	250		2200	30		1980	3 specimens	49.144764	11.458646
Europe	Germany	Reinheim	La Tène A-B	400-370 BCE		Maybe	400		2350	370		2320	figurine	49.826944	8.830833
Europe	Germany	Mengen 	Hallstatt D/La Tène A	~600-480/450 BCE		Maybe	600		2550	450		2400	?	48.049722	9.33
Europe	Germany	Heuneburg	Hallstatt D - La Tène A 	600-480/450 BCE		Maybe	600		2550	450		2400	25 specimens	48.0947	9.4119
Europe	Germany	Beckinghausen	Oberaden horizon	11-8/7 BCE		Maybe	11		1961	7		1957	7 specimens	51.612816	7.562357
Europe	Germany	Regensburg-Harting	La Tène D2	120/80-60/40 BCE		Maybe	120		2070	40		1990	3 specimens	48.9856	12.1724
Europe	Germany	Aschheim	La Tène D	120/80-60/40 BCE		Maybe	120		2070	40		1990	1 specimen	48.173333	11.717778
Europe	Germany	Langenpreising	La Tène D	120/80-60/40 BCE		Maybe	120		2070	40		1990	7 specimens	48.433333	11.966667
Europe	Germany	Erfurt	La Tène  D	190/150-15 BCE		Maybe	190		2140	15		1965	8 specimens	50.983333	11.033333
Europe	Germany	Hoppstädten-Weiersbach	La Tène D	190/150-15 BCE		Maybe	190		2140	15		1965	5 skeletons	49.61477	7.18865
Europe	Germany	Holzhausen	La Tène D	190/150-15 BCE		Maybe	190		2140	15		1965	2 specimens	48.00789	11.08982
Europe	Germany	Kleinkayna	La Tène D	190/150-15 BCE		Maybe	190		2140	15		1965	2 specimens	51.28702	11.93028
Europe	Germany	Heimbach-Weis 	La Tène D	190/150-15 BCE 		Maybe	190		2140	15		1965	12 specimens	50.44925	7.54478
Europe	Germany	Remda	La Tène D 	190/150-15 BCE 		Maybe	190		2140	15		1965	2 specimens	50.75928	11.22797
Europe	Germany	Gotha	Pre-Roman Iron Age 	200-1 BCE		Maybe	200		2150	1		1951	17 specimens	50.948889	10.718333
Europe	Germany	Leimbach	Pre-Roman Iron Age	200-1 BCE		Maybe	200		2150	1		1951	11 specimens	50.816667	10.199722
Europe	Germany	Nordhausen-Himmelgarten	Pre-Roman Iron Age	200-1 BCE		Maybe	200		2150	1		1951	1 specimen	51.503	10.836
Europe	Germany	Gorsleben	Pre-Roman Iron Age	200-100 BCE		Maybe	200		2150	100		2050	1 specimen	51.276111	11.182778
Europe	Germany	Gorsleben	Pre-Roman Iron Age	300-100 BCE		Maybe	300		2250	100		2050	1 specimen	51.276111	11.182778
Europe	Germany	Hochdorf, Baden-Wuerttemberg	Latène A/B	~480/450-250 BCE		No	480		2430	250		2200	171 specimens	48.025278	9.786667
Europe	Germany	Bondorf, Baden-Württemberg	La Tène A/B	~480/450-280 BCE		Maybe	480		2430	280		2230	3 specimens	48.516667	8.833333
Europe	Germany	Weltenburg	La Tène A	~480/450-380 BCE		Maybe	480		2430	380		2330	4 specimens	48.898889	11.819722
Europe	Germany	Ehrenbürg bei Forchheim	La Tène A	~480/450-380 BCE		Maybe	480		2430	380		2330	14 specimens	49.716667	11.15
Europe	Germany	Neckargartach, Baden-Württemberg, Erdwerk II) 	Hallstatt D3/Latène A	~500-380 BCE		Maybe	500		2450	380		2330	1 specimen	49.169	9.198
Europe	Germany	Boyneburg near Sontra-Wichmannshausen, Hesse	Late Hallstatt and La Tène A	~600-380 BCE		No	600		2550	380		2330	7 specimens	51.101841	10.010051
Europe	Germany	Wallerfangen 	Hallstatt C/D	~600-480/450 BCE		Maybe	600		2550	450		2400	1 specimen	49.33125	6.7155
Europe	Germany	Breisach-Münsterberg	Hallstatt D	~600 - 480/450 BC 		Maybe	600 		2550	450		2400	4 specimens	48.03484	7.58361
Europe	Germany	Hemmoor II	Roman Iron Age	~200-250 CE		Maybe		200	1750		250	1700	1 specimen	53.7025	9.139444
Europe	Germany	Leuna	Roman Iron Age	~300 CE		Maybe		300	1650		300	1650	4 specimens	51.316667	12.016667
Europe	Great Britain	Mill Hill	late Middle Iron Age	 ~200-150 BCE		Maybe	 200		2150	150		2100	Burial	51.61729	-0.22139
Europe	Great Britain	Micheldever Wood	Middle Iron Age	~300-100 BCE		Maybe	300		2250	100		2050	4 specimens	51.1347	-1.24367625
Europe	Great Britain	East Kent Access Road 	Middle Iron Age	 363-108 cal BCE	Directly RCD	Yes	363		2313	108		2058	3 specimens for the site	51.331205	1.354864
Europe	Great Britain	East Kent Access Road 	Middle Iron Age	376-171 cal BCE	Directly RCD	Yes	376		2326	171		2121	3 specimens for the site	51.331205	1.354864
Europe	Great Britain	Weston Down Cottages 	Middle Iron Age 	c. 388-206 cal BCE	Directly RCD	Yes	388		2338	206		2156	1 ABG	51.157155	-1.294224
Europe	Great Britain	Houghton Down	Middle Iron Age 	c. 390-206 cal BCE	Directly RCD	Yes	390		2340	206		2156	2 ABGs	51.099102	-1.527357
Europe	Great Britain	Stonehenge	Middle  Iron Age	407-237 cal BCE 	Directly RCD	Yes	407		2357	237		2187	1 specimen	51.178889	-1.826111
Europe	Great Britain	White Horse Stone	Early Iron Age	c. 757-403 cal BCE	Directly RCD	Yes	757		2707	403		2353	1 specimen	51.315278	0.514722
Europe	Great Britain	Nettlebank Copse	Early Iron Age 	~800-400 BCE		No	800		2750	400		2350	2 specimens	51.1499	-1.51938039
Europe	Great Britain	Blackhorse Road 	Early Iron Age	~800-400 BCE		No	800		2750	400		2350	2 specimens	51.586944	-0.041389
Europe	Great-Britain (Scotland)	Bornais Mound 2 and 2A	Norse Period 	~800-1,200 CE		No		800	1150		1200	750	89 specimens	57.243	-7.406
Europe	Great-Britain (Scotland)	Cille Pheadair	Norse Period 	~800-1,200 CE		No		800	1150		1200	750	39 specimens	57.152415	-7.391183
Europe	Great-Britain (Scotland)	Udal North	Norse Period 	~800-1,200 CE		No		800	1150		1200	750	45 specimens	57.668567	-7.334494
Europe	Greece	Messene, Sanctuary	Hellenistic	300-100 BCE		Maybe	300		2250	100		2050	40 specimens	37.175	21.92
Europe	Greece	Lousoi Sanctuary	Hellenistic	300-100 BCE		Maybe	300		2250	100		2050	22	38.0113	22.0972
Europe	Greece	Thebes	Hellenistic Period	323-146 BC		Maybe	323		2273	146		2096	3 specimen	38.316667	23.316667
Europe	Greece	Kassope	Hellenistic Period	323-146 BCE		Maybe	323		2273	146		2096	316 specimens	39.145278	20.675556
Europe	Greece	Athens, Aphrodite Ourania Sanctuary	Classical Period	~500-300 BCE 		Maybe	500		2450	300		2250	2	37.98381	23.72754
Europe	Greece	Thebes	Classical Period	510-323BCE		Maybe	510		2460	323		2273	1 specimen	38.316667	23.316667
Europe	Greece	Kalaureia, Island of Poros	Archaic Period	~520-480 BCE		Maybe	520		2470	480		2430	2 specimens	37.518611	23.479167
Europe	Greece	Corinth	Proto-Corinthian	~725-625 BCE		Maybe	725		2675	625		2575	Pottery Decoration	37.933333	22.933333
Europe	Hungary	Sajópetri	La Tène B2-C1	300 - 200 BCE		Maybe	300		2250	200		2150	9 specimens	48.033333	20.9
Europe	Hungary	Balassagyarmat	Scythian Period	650 - 450 BC 		Maybe	650		2600	450		2400	2	48.078611	19.294167
Europe	Hungary	Jászfelsöszentgyörgy	Scythian Period	650 - 450 BC 		Maybe	650		2600	450		2400	1	47.508889	19.790556
Europe	Ireland	Deer Park Farms	Early Medieval	600-700 CE		Maybe		600	1350		700	1250	3 specimens	54.910472	-5.992861
Europe	Ireland	Illaunloughan	Early Medieval	650-800 CE		Maybe		650	1300		800	1150	2 specimens	51.886589	-10.373427
Europe	Ireland	Carraig Aille	Early Medieval	400-800 CE		No		400	1550		800	1150	specimens	52.518376	-8.512521
Europe	Italy	Roccagloriosa	Greek Period	400-300 BCE		Maybe	400		2350	300		2250	5 specimens	40.116667	15.433333
Europe	Italy	Casale di Rivalta	Etruscan-Padan culture	500-400 BC		Maybe	500		2450	400		2350	+	44.65872	10.5891
Europe	Italy	Tarquinia, interro della Civita	Iron Age	500-400 BCE		Maybe	500		2450	400		2350	depiction	42.250444	11.769861
Europe	Italy	Vulci	Iron Age III C/D	525-500 BCE		Maybe	525		2475	500		2450	?	42.418889	11.631667
Europe	Italy	Metaponto, Basilicata, Chora of Metaponto	Greek Period	600-200 BCE		No	600		2550	200		2150	2 specimens	40.383333	16.824444
Europe	Italy	Lipari, Aeolian Islands (Sicily)	Iron Age III 	600-400 BCE		Maybe	600		2550	400		2350	13 specimens	38.466667	14.95
Europe	Italy	Monte Polizzo	Iron Age III 	600-400 BCE		Maybe	600		2550	400		2350	?	37.864444	12.788333
Europe	Italy	Paestum	Iron Age III 	600-400 BCE		Maybe	600		2550	400		2350	10	40.422222	15.005278
Europe	Italy	San Claudio	Etruscan-Padan culture	600-500 BCE		Maybe	600		2550	500		2450	+	41.9021	12.48138
Europe	Italy	Tarquinia, interro della Civita	Iron Age III B/C	600 - 550 BC 		Maybe	600		2550	550		2500	1	42.250444	11.769861
Europe	Italy	Valeggio	Late Iron Age	100-1 BCE		Maybe	100		2050	1		1951	165 specimens	45.35	10.733333
Europe	Italy	Casalandri	Late Iron Age	100-1 BCE		Maybe	100		2050	1		1951	330 specimens	45.2923	11.21453
Europe	Italy	San Giorgio di Valpolicella	Late Iron Age	200 - 1 BCE		Maybe	200		2150	1		1951	17 specimens	45.53474	10.84961
Europe	Italy	Populonia	Late Iron Age	325- 200 BCE		Maybe	325		2275	200		2150	7 specimens	42.989444	10.491389
Europe	Italy	Este/Baratella	Late Iron Age	~350-200 BCE		Maybe	350		2300	200		2150	2038 specimens	45.233333	11.666667
Europe	Italy	Santorso	Late Iron Age	~350-250 BCE 		Maybe	350		2300	250		2200	3 specimens	45.73658	11.38287
Europe	Italy	Marzabotto	Iron Age	~450-350 BCE		Maybe	450		2400	350		2300	+	44.34226	11.20529
Europe	Italy	Selinunte, Sicily	N/A	466-415 BCE		Maybe	466		2416	415		2365	coins showing cocks	37.583611	12.824722
Europe	Italy	Himera, Sicily	N/A	prior to 481 BCE		No	481		2431	481		2431	coins showing cocks and hens	37.973997	13.823986
Europe	Italy	Forcello di Bagnolo San Vito	Iron Age/Etruscan	776-537 cal BCE.	Directly RCD	Yes	776		2726	537		2487	specimens	45.083333	10.883333
Europe	Italy	Forcello di Bagnolo San Vito	Iron Age/Etruscan	776-537 cal BCE	Directly RCD	Yes	776		2726	537		2487	specimens	45.11	10.835
Europe	Italy	Orvieto	N/A	776-540 cal BCE	Directly RCD	Yes	776		2726	540		2490	specimens	42.718333	12.110278
Europe	Italy	Metaponto, Basilicata, Chora of Metaponto	Iron Age	~800-500 BCE		No	800		2750	500		2450	1 specimens	40.383333	16.824444
Europe	Latvia	Padure (Beltes) Hillfort	Late Iron Age	~800-1,200 CE		No		800	1150		1200	750	specimens	56.999167	21.8875
Europe	Netherlands	Passewaaijse Hogeweg	Late Iron Age to Early Roman 	60 BCE-50 CE		Maybe	60		2010		50	1900	6 specimens	51.870556	5.398889
Europe	Netherlands	Nijmegen, St. Jozefschool	Early Roman Period 	~10-25 CE		Maybe		10	1940		25	1925	4 specimens	51.81256	5.83723
Europe	Netherlands	Velsen I	Early Roman Period 	15/16-29 CE		Maybe		15	1935		29	1921	2588 specimens	52.45206	4.63059
Europe	Netherlands	Druten	Early to middle Roman Period	c. 70 CE – early 2nd century CE		Maybe		70	1880		125	1825	2 specimens	51.89408	5.59427
Europe	Netherlands	Nijmegen Hunerberg	Early to middle Roman Period	c. 70 CE – early 2nd century CE		Maybe		70	1880		125	1825	93 specimens	51.84222	5.87914
Europe	Norway	Oslo, Gamlebyen, Mindets Tomt II+III	Middle Ages	1,125–1,350 CE		No		1125	825		1350	600	463 specimens	59.91387	10.75225
Europe	Norway	Kaupang	Middle Ages	~800-1,000 CE		Maybe		800	1150		1000	950	9 specimens	59.030833	10.1075
Europe	Poland	Konary (site no. 28)	Przeworsk Culture	200 BCE - 500 CE 		No	200		2150		500	1450	3 specimens	49.93537	19.92636
Europe	Poland	Łyszkowice (site no. 1)	Przeworsk Culture	200 BCE - 500 CE 		No	200		2150		500	1450	?	51.98576	19.90647
Europe	Poland	Nowa Cerekwia 	Early to late La Tène	300 BCE - 1 BCE		No	300 		2250	1		1951	13 specimens	50.09088	17.93112
Europe	Portugal	Castro Marim	Iron Age	~450-200BCE		No	450		2400	200		2150	bones	37.216667	-7.45
Europe	Portugal	Alcáçova de Santarém	Iron Age	~800-300 BCE		No	800		2750	300		2250	several bones	39.23432	-8.67663
Europe	Romania	Divici-Grad	Late La Tène – Daces	100 BCE - 100 CE		Maybe	100 		2050		100	1850	?	44.78268	21.4823
Europe	Romania	Mereşti	Late La Tène – Daces	100 BCE - 100 CE		Maybe	100 		2050		100	1850	?	46.23439	25.457
Europe	Romania	Pecica (site Şanţul Mare, Pecica)	La Tène and Roman Period	200 BCE - 100 CE		No	200		2150		100	1850	?	46.16894	21.06784
Europe	Russia	Phanagoria	Antiquity	~300-100 BCE		Maybe	300		2250	100		2050	8 specimens	45.276944	36.966111
Europe	Russia	Imenkovskoe hillfort	Imenkov culture	~400-700 CE		No		400	1550		700	1250	specimens	55.432959	49.539797
Europe	Russia	Scherbetskoe settlement	Imenkov culture	~400-700 CE		No		400	1550		700	1250	specimens	55.432959	49.539797
Europe	Russia	Maklashevskoe II hillfort	Imenkov culture	~400-700 CE		No		400	1550		700	1250	specimens	54.712543	49.104336
Europe	Russia	Kyiz-Tau’ Cherkio-Bibkeevskoe hillfort	Imenkov culture	~400-700 CE		No		400	1550		700	1250	specimens	54.697845	48.069788
Europe	Russia	Tetyushskoe II hillfort	Imenkov culture	~400-700 CE		No		400	1550		700	1250	specimens	53.280618	48.73357
Europe	Serbia	Gomolova	Late Iron Age	~100 BCE-100 CE		Maybe	100		2050		100	1850	32 specimens (for total site)	44.874318	19.827453
Europe	Serbia	Gradina	Late Iron Age	~400 BCE-100 CE		No	400		2350		100	1850	specimens	45.051799	19.180699
Europe	Serbia	Čarnok	Late Iron Age	~400 BCE-100 CE		No	400		2350		100	1850	specimens	45.513444	19.623039
Europe	Serbia	Mitrovačke-Livade	Late Iron Age	~400 BCE-100 CE		No	400		2350		100	1850	specimens	44.948728	19.626809
Europe	Serbia	Bare	Late Iron Age	~400 BCE-100 CE		No	400		2350		100	1850	specimens	44.984774	19.764163
Europe	Serbia	Bregovi Atovac	Late Iron Age	~400 BCE-100 CE		No	400		2350		100	1850	specimens	45.018304	19.419408
Europe	Serbia	Židovar	Late Iron Age	~400 BCE-100 CE		No	400		2350		100	1850	specimens	45.011480	21.273209
Europe	Serbia	Gomolova	Early Iron Age	~900-300 BCE		No	900		2850	300		2250	32 specimens (for total site)	44.874318	19.827453
Europe	Slovakia	Nebojsa	La Tène	~450-1 BCE		No	450		2400	1		1951	4 specimens	48.39439	17.72162
Europe	Spain	El Amarejo	Iron Age II	300-100 BCE		Maybe	300		2250	100		2050	40 specimens	38.871667	-1.348056
Europe	Spain	Los Castellazos	Iron Age II	300 - 200 BCE		Maybe	300		2250	200		2150	2 specimens	41.466675	-0.707432
Europe	Spain	Barchin del Hoyo	Iron Age II	320 - 210 BCE		Maybe	320		2270	210		2160	185 specimens	39.666667	-2.066667
Europe	Spain	Alorda Park, Calafell	Iron Age II	400 - 100 BCE		No	400		2350	100		2050	8 specimens 	41.202	1.57
Europe	Spain	Cerro Macareno	Iron Age II	400 - 100 BCE		No	400		2350	100		2050	2 specimens	37.4766087	-5.959478
Europe	Spain	El Soto de Medinilla	Iron Age II	400 - 100 BCE		No	400		2350	100		2050	specimen(s)	41.683242	-4.706411
Europe	Spain	Muru-Astrain	Iron Age II	400 - 100 BCE		No	400		2350	100		2050	1 specimen	42.7662	-1.7419
Europe	Spain	Ucero	Iron Age II	400 - 100 BCE		No	400		2350	100		2050	2 specimens	41.716944	-3.051389
Europe	Spain	Cerro de Santa Ana	Iron Age II	400 - 200 BCE		Maybe	400		2350	200		2150	9 specimens	41.75056	-2.44806
Europe	Spain	Los Castellones de Ceal	Iron Age II	400 - 300 BCE		Maybe	400		2350	300		2250	eggshells	37.723129	-3.049073
Europe	Spain	Santa Pola, La Picola	Iron Age II, Iberian	450-350 BC		Maybe	450		2400	350		2300	3 specimens	38.189722	-0.555556
Europe	Spain	L'Illa d'en Reixac, Catalonia	Iron Age I and II	600 - 200 BC		No	600		2550	200		2150	?	42.0125	3.0816
Europe	Spain	Empúries, Catalonia	Iron Age I/early II	600 - 400 BC		Maybe	600		2550	400		2350	?	42.134722	3.120556
Europe	Spain	Cerro de la Tortuga	Iron Age I – Phoenician	600 - 500 BCE		Maybe	600		2550	500		2450	9 specimens	36.716667	-4.416667
Europe	Spain	Cabezo de San Pedro (Huelva)	Iron Age I – Tartessian	750 - 450 BC		No	750		2700	450		2400	10 specimens	37.58778	-0.96806
Europe	Spain	Castillo de Doña Blanca 	Iron Age I	750 - 600 BC		Maybe	750		2700	600		2550	13 specimens	36.6271	-6.1613
Europe	Spain	Morro de Mezquitilla	Iron Age I	800 - 400 BC		No	800		2750	400		2350	15 specimens	36.748611	-4.049167
Europe	Spain	Toscanos	Iron Age I/Phoenician	800 - 600 BC		Maybe	800		2750	600		2550	6+3 specimens	36.73585	-4.11748
Europe	Spain	Turó de Can Olivé, Barcelona Province	late Iron Age I, Iron Age II 	~500-300 BCE		Maybe	500		2450	300		2250	1 specimen	41.5	2.1
Europe	Spain	Cornia Nou	Iron Age I/Phoenician	c. 807–552 cal BCE 	Directly RCD	Yes	807		2757	552		2502	8 specimens	39.881389	4.233611
Europe	Spitsbergen	Whaling stations (Smeerenburg, Laegerneset, Midterbuken	Early Modern Period	1613-1640 CE		Maybe		1613	337		1640	310	?	77.87497	20.97518
Europe	Sweden	Stora Hammar	Pre-Roman/ Roman Iron Age	~100 BCE-100 CE		Maybe	100		2050		100	1850	1 specimen	55.425278	12.992407
Europe	Sweden	Burlöv 	Roman Iron Age	160 BCE – 60 CE		No	160		2110		60	1890	2 specimens	55.633333	13.066667
Europe	Sweden	Brännkyrka	Early Iron Age	~400 BCE-550 CE		No	400		2350		550	1400	specimen(s)	59.28219	18.02314
Europe	Sweden	Brännkyrka-Berga anl 23	Early Iron Age	~400 BCE-550 CE		No	400		2350		550	1400	specimen(s)	59.28219	18.02314
Europe	Sweden	Sorunda	Early Iron Age	~400 BCE-550 CE		No	400		2350		550	1400	specimen(s)	59.016667	17.833333
Europe	Sweden	Ekerö-Grimsta	Early Iron Age	~400 BCE-550 CE		No	400		2350		550	1400	specimen(s)	59.283333	17.8
Europe	Sweden	Gamla-Uppsala-Småhögarna	Early Iron Age	~400 BCE-550 CE		No	400		2350		550	1400	specimen(s)	59.894	17.638
Europe	Sweden	Sollentuna-Edsberg	Late Iron Age	~400 BCE-550 CE		No	400		2350		550	1400	specimen(s)	59.446111	17.966111
Europe	Sweden	Spånga-Nälsta	Early Iron Age	~400 BCE-550 CE		No	400		2350		550	1400	specimen(s)	59.394167	17.901111
Europe	Sweden	Simtuna	Early Iron Age	~400 BCE-550 CE		No	400		2350		550	1400	specimen(s)	59.783333	16.9
Europe	Sweden	Täby	Early Iron Age	~400 BCE-550 CE		No	400		2350		550	1400	specimen(s)	59.433333	18.083333
Europe	Sweden	Hassle-Bösarp 	Roman Iron Age	~100-300 CE		Maybe		100	1850		300	1650	1 specimen	55.452778	13.525
Europe	Sweden	Gamleby 	~Late Iron Age	~600-700 CE 		Maybe		600	1350		700	1250	specimen(s)	57.883333	16.383333
Europe	Sweden	Skärstad 	Late Iron Age	~600-700 CE 		Maybe		600	1350		700	1250	specimen(s)	57.883333	14.366667
Europe	Sweden	Fröjel	Migration Period	~375-550 CE		Maybe		375	1575		550	1400	specimens	57.335556	18.189722
Europe	Sweden	Örebro	Viking Age	~700-900 CE		Maybe		700	1250		900	1050	specimen(s)	59.273889	15.2075
Europe	Sweden	Huddinge	Vendel Period	~600-700 CE 		Maybe		600	1350		700	1250	specimen(s)	59.233333	17.983333
Europe	Sweden	Sollentuna	Late Iron Age	~600-700 CE		Maybe		600	1350		700	1250	specimen(s)	59.433333	17.95
Europe	Sweden	Spelvik	Late Iron Age	~600-700 CE		Maybe		600	1350		700	1250	specimen(s)	58.910936	17.098441
Europe	Sweden	Överselö	Late Iron Age	~600-700 CE		Maybe		600	1350		700	1250	specimen(s)	59.418889	17.131111
Europe	Sweden	Östertälje	Late Iron Age	~700-900 CE		Maybe		700	1250		900	1050	specimen(s)	59.184895	17.666945
Europe	Sweden	Vansö	Late Iron Age	~800-900 CE		Maybe		800	1150		900	1050	specimen(s)	59.402778	16.941667
Europe	Sweden	Gamla Uppsala-Östhögen	late Migration Period 	~500-550 CE		Maybe		500	1450		550	1400	specimen(s)	59.898056	17.63
Europe	Sweden	Gamla Uppsala-Västhögen	early Vendel Period 	~550-600 CE		Maybe		550	1400		600	1350	specimen(s)	59.898056	17.63
Europe	Sweden	Gamla Uppsala-Valsgärde 6,7,8	Vendel Period	~600-700 CE		Maybe		600	1350		700	1250	specimen(s)	59.898056	17.63
Europe	Sweden	Sollentuna-Almvägen	Vendel Period	~600-700 CE		Maybe		600	1350		700	1250	specimen(s)	59.433333	17.95
Europe	Sweden	Spånga-Kista	Migration Period	~400-550 CE		Maybe		400	1550		550	1400	specimen(s)	59.401389	17.944444
Europe	Sweden	Spånga-Rinkeby	Vendel Period	~600-700 CE		Maybe		600	1350		700	1250	specimen(s)	59.388056	17.928611
Europe	Sweden	Solna	Viking Age	~800-950 CE		Maybe		800	1150		950	1000	specimen(s)	59.35	18
Europe	Sweden	Vallentuna	Vendel Period	~600-650 CE 		Maybe		600	1350		650	1300	specimen(s)	59.533333	18.083333
Europe	Sweden	Vendel-200m SW church	Vendel Period	~550-600 CE		Maybe		550	1400		600	1350	specimen(s)	60.163056	17.601667
Europe	Sweden	Vendel-Bergby	Vendel Period	~600-700 CE		Maybe		600	1350		700	1250	specimen(s)	60.163056	17.601667
Europe	Sweden	Badelunda-Hamre	Late Migration/Vendel Periods	~450-650 CE		Maybe		450	1500		650	1300	specimen(s)	59.640556	16.628056
Europe	Sweden	Svedvi	Migration Period	~400-550 CE		Maybe		400	1550		550	1400	specimen(s)	59.592778	16.272222
Europe	Sweden	Löderup	Roman Iron Age ?	~1-400 CE		No		1	1949		400	1550	N/A	55.433333	14.116667
Europe	Sweden	Edenryd	Roman Iron Age	~1-400 CE		No		1	1949		400	1550	4 specimens	56.044288	14.517474
Europe	Sweden	Visingsö	Late Roman Iron Age and Late Iron Age	330-800CE		No		330	1620		800	1150	specimen(s)	58.05	14.333333
Europe	Sweden	Eketorp II	Migration and Vendel Periods/Late Iron Age	~350-750 CE		No		350	1600		750	1200	322 specimens	56.295556	16.486111
Europe	Sweden	Västergarn	Viking Age	~800-1050 CE 		No		800	1150		1050	900	specimens	57.440556	18.150833
Europe	Sweden	Larv 	Late Iron Age	~550-1050 CE		No		550	1400		1050	900	specimens	58.183333	13.116667
Europe	Sweden	Norra Åsarp	Late Iron Age	~550-1050 CE		No		550	1400		1050	900	specimen(s)	58.021389	13.572222
Europe	Sweden	Öglunda	Late Iron Age	~550-1050 CE		No		550	1400		1050	900	specimen(s)	58.433333	13.690556
Europe	Sweden	Lida	Late Iron Age	~550-1050 CE		No		550	1400		1050	900	specimen(s)	53.883333	25.3
Europe	Sweden	Asker	Late Iron Age	~550-1050 CE		No		550	1400		1050	900	specimen(s)	59.07312	15.52524
Europe	Sweden	Kjula	Late Iron Age	~550-1050 CE		No		550	1400		1050	900	specimen(s)	59.383333	16.666667
Europe	Sweden	Glanshammar 	Late Iron Age	~400-1050 CE		No		400	1550		1050	900	specimen(s)	59.316667	15.4
Europe	Sweden	Kvilinge-Vilhelmsberg	Vendel Period	~550-800 CE		No		550	1400		800	1150	specimen(s)	58.647667	16.134306
Europe	Sweden	Borg	Viking Age	~800-1050 CE		No		800	1150		1050	900	specimen(s)	58.566778	16.083333
Europe	Sweden	Hagebyhöga	Late Iron Age	~550-1050 CE		No		550	1400		1050	900	specimen(s)	58.4675	14.974722
Europe	Sweden	Högby	Late Iron Age	~550-1050 CE		No		550	1400		1050	900	specimen(s)	58.350278	15.097778
Europe	Sweden	Brännkyrka-Berga	Late Iron Age	~550-1050 CE 		No		550	1400		1050	900	specimen(s)	59.28219	18.02314
Europe	Sweden	Sorunda	Vendel period	~550-800 CE		No		550	1400		800	1150	specimen(s)	59.016667	17.833333
Europe	Sweden	Spånga	Vendel Period	~550-800 CE		No		550	1400		800	1150	specimen(s)	59.380278	17.893333
Europe	Sweden	Spånga	Vendel Period/early Viking A.	~550-900 CE		No		550	1400		900	1050	specimen(s)	59.380278	17.893333
Europe	Sweden	Adelsö-Birka	Vendel Period/Viking Age	~750-975 CE		No		750	1200		975	975	specimen(s)	59.380833	17.496111
Europe	Sweden	Adelsö-Birka	Viking Age	~800-1050 CE		No		800	1150		1050	900	specimen(s)	59.380833	17.496111
Europe	Sweden	Vendel-Hovgårdsberg	Vendel Period	500-800 CE		No		500	1450		800	1150	specimen(s)	60.163056	17.601667
Europe	Sweden	Köping Stadt	Vendel Period	~550-800 CE		No		550	1400		800	1150	specimen(s)	59.516667	15.983333
Europe	Sweden	Säffle	Late Iron Age	~550-1050 CE		No		550	1400		1050	900	specimen(s)	59.133333	12.933333
Europe	Sweden	Valbo-Lund 	Viking Age	~790-1050 CE		No		790	1160		1050	900	specimen(s)	60.65	17.033333
Europe	Sweden	Frösö, lägerområdet	Viking Age	~790-1050 CE		No		790	1160		1050	900	specimen(s)	63.191667	14.541667
Europe	Sweden	Jukkasjärvi, Rautasjaure	Medieval period	~1050-1523 CE		No		1050	900		1523	427	specimen	67.85	20.616667
Europe	Switzerland	Neunkirch	Hallstatt D3/La Tène A	500 - 380 BCE		Maybe	500		2450	380		2330	1 specimen	47.690275 	8.499161
Europe	Switzerland	Möhlin	Hallstatt D3/La Tène A	500 - 380 BCE		Maybe	500		2450	380		2330	62 (MNI = 3)	47.55714	7.84512
Europe	Switzerland	Gelterkinden	Hallstatt D3/La Tène A	500 - 380 BCE 		Maybe	500		2450	380		2330	c. 20 + fragments of eggshells	47.46471	7.85658
Europe	Switzerland	Bern, Engehalbinsel	La Tène D	150 BCE – 15 BCE		Maybe	150		2100	15		1965	MNI=2/3	46.94798	7.44746
Europe	Switzerland	Basel-Gasfabrik	La Tène D1	~150-90/80 BCE		Maybe	150		2100	80		2030	127 specimens	47.572263	7.581607
Europe	Switzerland	Zug	La Tène A	480/450 - 380 BCE 		Maybe	480		2430	380		2330	MNI=3	47.16617	8.51549
Europe	Ukraine	Pantikápaion	Antiquity	~300-100 BCE		Maybe	300		2250	100		2050	8 specimens and eggshells	45.350833	36.468611
Europe	Ukraine	Mirmekija	Antiquity	~300-100 BCE		Maybe	300		2250	100		2050	specimens	45.359757	 36.543657
Island Southeast Asia	Philippines	Ambangan	N/A	800-1200 CE		No		800	1150		1200	750	numerous specimens	16.36666667	120.86666667
Island Southeast Asia	Philippines	Banda Neira, Banda Islands	N/A	post 700 CE		No		700	1250		700	1250	specimens	-4.5167036	129.9030304
Mainland Southeast Asia	Thailand	Ban Non Wat	Bronze Age	1006-908 BCE	Directly RCD	Yes	1006		2956	908		2858	1 skeleton	15.274415	102.268896
Mainland Southeast Asia	Thailand	Ban Non Wat	Late Neolithic and Bronze Age	~1,250-450 BCE		No	1250		3200	450		2400	6 specimens	15.274415	102.268896
Mainland Southeast Asia	Thailand	Non Nok Tha	Late Neolithic and Bronze Age	~1,400-500 BCE		No	1400		3350	500		2450	1 Individual	16.737194	102.2555
Mainland Southeast Asia	Thailand	Ban Non Wat	Neolithic	~1,650-1,250 BCE		No	1650		3600	1250		3200	24 specimens	15.274415	102.268896
Mainland Southeast Asia	Thailand	Phum Snay	N/A	200 BCE-300 CE		No	200		2150		300	1650	6 specimens	13.623889	103.206389
Mainland Southeast Asia	Thailand	Ban Na Di	Late Bronze Age	~600-400 BCE 		Maybe	600		2550	400		2350	1 skeleton	16.800833	102.341111
Micronesia	Caroline Islands	Fais	Prehistoric era	~1400-1500 CE	Directly RCD	Yes		1400	550		1500	450	102 specimens	9.760278	140.520833
Micronesia	Caroline Islands	Island of Tol	Prehistoric era	~1650-1950 CE	Directly RCD	Yes		1650	300		1950	0	specimens	7.34306	151.62
Micronesia	Caroline Islands	Yap Islands	Historic era	~1600-1950 CE	Directly RCD	Yes		1600	350		1950	0	specimens	9.533333	138.116667
Micronesia	Mariana Islands	Guam Island, Inarajan village,  Tolofofo River Valley	Historic period 	~1700-1900 CE	Directly RCD	Yes		1700	250		1900	50	81 specimens, 38 specimens, specimens	13.5	144.8
Micronesia	New Zealand	South Island, Redcliffs School Site	N/A	1650-1805 AD	Directly RCD	Yes		1650	300		1805	145	1 specimen	-43.55922	172.734386
Micronesia	New Zealand	South Island, Mussel Point 	N/A	1652-1938 AD	Directly RCD	Yes		1652	298		1938	12	1 specimen	-43.918694	168.875814
Micronesia	New Zealand	South Island, Fyffe’s Site, Kaikoura	E	1675-1950 AD	Directly RCD	Yes		1675	275		1950	0	1 specimen	-42.4	173.68
Near Oceania	Papua New Guinea, Bismarck Archipelago	Watom	Prehistoric Period	1300-1380 CE	Directly RCD	Yes		1300	650		1380	570	1 specimen	-4.115	152.071944
Northeast Africa	Egypt	Tell Mahskuta	‘Hellenistic’/Ptolemaic periods	~320-200 BCE		Maybe	320		2270	200		2150	2 specimens	30.5529	32.0994
Northern Africa 	Egypt	Berenike	Ptolemaic Dynasty	305-30 BCE		No	305		2255	30		1980	1 specimen	23.908611	35.4725
Northern Africa 	Egypt	Tuna el-Gebel (Tomb of Petosiris)	Achaemenid till early Ptolemaic Egypt	~350-305 BCE		Maybe	350		2300	305		2255	depictions	27.781667	30.803889
Northern Africa 	Egypt	Syene/Aswan	Achaemenid / early Ptolemaic period	~350-305 BCE		Maybe	350		2300	305		2255	2 specimens	24.088889	32.899722
Northern Africa 	Egypt	Tomb of Hapiu	30th Dynasty	380-332 BCE		Maybe	380		2330	332		2282	Depiction 	29.844722	31.250833
Northern Africa 	Egypt	Elephantine Island	Late Period	664-332 BCE		No	664		2614	332		2282	2 specimens	24.0889	32.8889
Northern Africa 	Egypt	Syene/Aswan	Ptolemaic Kingdom	305-30 BCE		No	305		2255	30		1980	 6 specimens	24.088889	32.899722
Northern Africa 	Egypt	Abar el-Kanayis	N/A	~1-600 CE		No		1	1949		600	1350	17 specimens	31.00722	26.80333
Northern Africa 	Egypt	Qasr Ibrim	N/A	~450-550 CE		Maybe		450	1500		550	1400	specimens	22.650278	31.991667
Northern Africa 	Libya	Cyrene	N/A	~300-150 BCE		Maybe	300		2250	150		2100	3 specimens	32.80345	21.86282
Northern Africa 	Libya	Gheriat el-Garbia	N/A	~370-450 CE		Maybe		370	1580		450	1500	4 specimens	30.420053	13.418641
Northern Africa 	Sudan	Nuri 	N/A	~650-600 BCE		Maybe	650		2600	600		2550	Depictions 	18.566667	31.916667
Northern Africa 	Tunisia	Carthage	Punic Culture	~500-146 BCE		No	500		2450	146		2096	21 specimens	36.853056	10.323056
Northern Asia	Mongolia	Karakorum	Medieval Period	1200 - 1300 CE		Maybe		1200	750		1300	650	12 specimens	47.197222	102.823889
Remote Oceania	Kingdom of Tonga	Tongatapu Island, Nukuleka	Lapita Cultural Complex and/or early Polynesian Plainware phase	~587-573 BCE	Directly RCD	Yes	587		2537	573		2523	specimens	-21.211389	-175.153056
Remote Oceania	Kingdom of Tonga	Lifuka Island, Tongoleleka (site Li7)	Lapita Cultural Complex	~820-770 BCE	Directly RCD	Yes	820		2770	770		2720	several specimens	-19.798889	-174.356667
Remote Oceania	Kingdom of Tonga	Lifuka Island, Tongoleleka (site Li7)	Lapita Cultural Complex	~975-805 BCE	Directly RCD	Yes	975		2925	805		2755	several specimens	-19.798889	-174.356667
Remote Oceania	Solomon Islands	Reef Islands Nenumbo (SE-RF-2)	Lapita Cultural Complex	~976-589 BCE	Directly RCD	Yes	976		2926	589		2539	several specimens	-10.3307111	166.3189889
Remote Oceania	Vanuatu Archipelago	Efatu Island, Teouma	Lapita Cultural Complex	~1120-820 BCE	Directly RCD	Yes	1120		3070	820		2770	several specimens	-17.666667	168.416667
Remote Oceania	Vanuatu Archipelago	Efatu Island, Teouma	Lapita Cultural Complex	~900-800 BCE	Directly RCD	Yes	900		2850	800		2750	several specimens	-17.666667	168.416667
Remote Ocenia	Australs	Atiahara	N/A	~1,030-1,270 CE	Associated RCD	Yes		1030	920		1270	680	specimens	-23.38	-149.45
Remote Ocenia	Cook Islands	Ureia	Prehistoric period	~900-1,200 CE	Associated RCD	Yes		900	1050		1200	750	few specimens	-18.85	-159.79
Remote Ocenia	Gambier Islands 	Mangareva, Kamaka Islet	N/A	~1,040-1,280 CE	Associated RCD	Yes		1040	910		1280	670	4 specimens	-23.109444	-134.965833
Remote Ocenia	Hawaii	Pelekane	N/A	~1,240-1,500 CE	Associated RCD	Yes		1240	710		1500	450	specimens	20.0314	155.8256
Remote Ocenia	Marquesas	Hanamiai	Prehistoric period	~1,030-1,290 CE	Associated RCD	Yes		1030	920		1290	660	specimens	-9.934273	-139.103024
Remote Ocenia	New Caledonia	Isle of Pines	Prehistoric period	1130-1270 CE	Directly RCD	Yes		1130	820		1270	680	1 specimen	-22.616667	167.483333
Remote Ocenia	Niue	Paluki	Prehistoric period	~200 BCE-450 CE	Associated RCD	Yes	200		2150		450	1500	1249 specimens	-19.05	-169.85
Remote Ocenia	Rapa Nui / Easter Island	Anakena	N/A	~1,030-1,260 CE	Associated RCD	Yes		1030	920		1260	690	specimens	-27.073889	-109.322778
Remote Ocenia	Society Islands	Huahine	Prehistoric period	~1,180-1,430 CE	Associated RCD	Yes		1180	770		1430	520	specimens	-16.73	-151
Southern Africa	Botswana	Bosutswe	Toutswe Phase	~800-1,200 CE		No		800	1150		1200	750	8 specimens	-21.9525	26.61083
Southern Africa	RSA	Ndondondwane	Ndondondwane Phase	780-790 CE		Maybe		780	1170		790	1160	18 specimens	-28.8567	31.00891
Southern Africa	RSA	Kwagandaganda	Ndondondwane Phase	~780-790 CE		Maybe		780	1170		790	1160	2 specimens	-29.69672	30.94747
Southern Asia	India	Daimabad (Phase V)	Jorwe Culture	~1,400-1,000 BCE		No	1400		3350	1000		2950	9 specimens	19.516667	74.7
Western Africa	Burkina Faso	Kirikongo	Yellow II Period	560-600 CE		Maybe		560	1390		600	1350	2 specimens	12.553889	-3.363056
Western Africa	Burkina Faso	Kirikongo	Red I-III Periods	 700-1,400 CE		No		700	1250		1400	550	11 specimens	12.553889	-3.363056
Western Africa	Burkina Faso	Oursi village	Iron Age	~1,000-1,400 CE		No		1000	950		1400	550	1 specimen	14.67984	-0.49040
Western Africa	Burkina Faso	Saouga	Iron Age	~1,000-1,400 CE		No		1000	950		1400	550	7 specimens	14.35811	-0.15256
Western Africa	Burkina Faso	Kissi 22	Iron Age	~500-1,000 CE		No		500	1450		1000	950	eggshell	14.63998	-0.10587
Western Africa	Burkina Faso	Oursi hu-beero	Iron Age	~860-1,160 CE		No		860	1090		1160	790	4 specimens	14.67983	-0.49039
Western Africa	Ghana	Makala Kataa	N/A	~1,750-1,850 CE		Maybe		1750	200		1850	100	16 specimens	8.142573	-2.381145
Western Africa	Ghana	Asantemanso	N/A	~1100-1400 CE		No		1100	850		1400	550	2 specimens	5.92395	-2.94382
Western Africa	Ghana	Kuulo Kataa	N/A	~1300-1650 CE		No		1300	650		1650	300	2 specimens	8.17479	-2.32292
Western Africa	Mali	Jenné-jeno	later Phase III	600-800 CE		Maybe		600	1350		800	1150	specimens	13.89	-4.540278
Western Africa	Mali	Jenné-jeno	Phase IV	850-1,400 CE		No		850	1100		1400	550	specimens	13.89	-4.540278
Western Africa	Mali	Akumbu	Mound A, Middle Phase IV	~1,000-1,400 CE		No		1000	950		1400	550	specimens	15.27815	-5.55254
Western Africa	Mali	Toguéré Galia	N/A	~1,000-1,400 CE		No		1000	950		1400	550	specimens	14.6338	-3.41955
Western Africa	Mauritania	Oualata/Walata region	N/A	1,352-1,353 CE		Maybe		1352	598		1353	597	written account	17.29901	-7.02162
Western Africa	Morocco	Rirha	Mauretanian/Pre-Roman	1st century BCE		Maybe	100		2050	1		1951	19 specimens 	34.1836111	-5.555
Western Africa	Nigeria	Ngala	Phase II	~700-1,000/1,100 CE		No		700	1250		1100	850	5 specimens	12.34207	14.18583
Western Africa	Nigeria	Mege Site NA 94/7	Daima II	~700-1,150 CE		No		700	1250		1150	800	1 specimen	12.25889	14.25972
Western Africa	Tanzania	Dia-Shoma	N/A	~800 CE		Maybe		800	1150		800	1150	specimens	14.351944	-4.956944
Western Asia and Levant	Armenia	Argishtikhnili	Iron Age IIB/Urartian Period	776-500 BCE		No	776		2726	500		2450	specimens	40.1025	43.9883
Western Asia and Levant	Armenia	Horom	Iron Age IIB/Urartian Period	860-590 BCE		No	860		2810	590		2540	1 specimen	40.65256	43.89179
Western Asia and Levant	Iran	Takht-i Suleiman	Achaemenid Empire	539-331 BCE		No	539		2489	331		2281	3 specimens 	36.603171	47.235949
Western Asia and Levant	Iran	Bastam	Iron Age IIB/ Urartian Period and Median Empire	700-553 BCE		Maybe	700		2650	553		2503	2 specimens 	38.883333	44.95
Western Asia and Levant	Iran	Tepe Nush-i Jan	Iron Age IIB/Urartian Period	750-590 BCE		Maybe	750		2700	590		2540	303 specimens	34.47034	48.73535
Western Asia and Levant	Iraq	Nippur (III)	Iron Age IIB/Neo-Assyrian Empire 	911-612 BCE		No	911		2861	612		2562	1 specimen	32.126111	45.230833
Western Asia and Levant	Israel	Jerusalem – City of David	Iron Age II	1,000/980-586 BCE		No	1000		2950	586		2536	1 specimen	31.77481	35.23553
Western Asia and Levant	Israel	Jerusalem – Ophel	Iron Age II	1,000/980-586 BCE		No	1000		2950	586		2536	6 specimens	31.77482	35.23554
Western Asia and Levant	Israel	Bab-el-Hawa	Iron Age II	1,000/980-586 BCE		No	1000		2950	586		2536	12 specimens	33.00326	35.73542
Western Asia and Levant	Israel	Lachish	Iron Age II	1,000/980-586 BCE		No	1000		2950	586		2536	2 specimens	31.56091	34.84409
Western Asia and Levant	Israel	Tel ‘Ira	Iron Age II	1,000/980-586 BCE		No	1000		2950	586		2536	13 specimens	31.2328	34.9867
Western Asia and Levant	Israel	Tel Yoqne’am	Iron Age II	1,000/980-586 BCE		No	1000		2950	586		2536	1 specimen	32.659444	35.11
Western Asia and Levant	Israel	Tel Michal	Iron Age II	1,000/980-586 BCE		No	1000		2950	586		2536	1 specimen	32.159167	34.797778
Western Asia and Levant	Israel	Tel en-Nasbeh	Iron Age II 	1,000/900-586 BCE		No	1000		2950	586		2536	1 depiction	31.885136	35.216417
Western Asia and Levant	Jordan	Tell Hesban	Iron Age IIC/Early Persian Period	700-500 BCE		Maybe	700		2650	500		2450	large quantity	31.800833	35.808889
Western Asia and Levant	Syria	Tell Sukās	Iron Age IIC; Archaic Period	552-498 BCE		Maybe	552		2502	498		2448	1 specimen	35.306318	35.922203
Western Asia and Levant	Syria	Dur-Katlimmu	Iron Age IIB; Neo-Assyrian Empire	934-608 BCE		No	934		2884	608		2558	7 specimens	35.643333	40.740278
Western Asia and Levant	Syria	Tell Halaf	Iron Age IIB	~900-800 BCE		Maybe	900		2850	800		2750	depiction	36.826706	40.039325
Western Asia and Levant	Turkey	Dülük Baba Tepesi	Iron Age IIC/Achaemenid Period	550-330 BCE		No	550		2500	330		2280	10 specimens	37.12761	37.34528
Western Asia and Levant	Turkey	Lidar Höyük	Iron Age II	600-400 BCE		Maybe	600		2550	400		2350	2 specimens	37.362778	38.525556
Western Asia and Levant	Turkey	Kalabak Tepe /Milet	Iron Age IIC/Archaic Period	700-494 BCE		No	700		2650	494		2444	11 specimens	37.531111	27.275556
Western Asia and Levant	Turkey	Zeytin Tepe/Milet	Iron Age IIC/Archaic Period	700-494 BCE		No	700		2650	494		2444	30 specimens	37.531112	27.275557
Western Asia and Levant	Turkey	Ziyaret Tepe	Iron Age IIB/Neo-Assyrian Empire	911-612 BCE		No	911		2861	612		2562	4 specimens 	37.793611	40.793056
Western Asia and Levant	Turkey	Halikarnassos	Late Achaemenid period	~353/352 BCE		Maybe	353		2303	352		2302	14 skeletons	37.0379	27.4241
Western Asia and Levant	Turkey	Büyüktepe Höyük 	Achaemenid period	~550-330 BCE		No	550		2500	330		2280	4 specimens	40.236667	40.223611
Western Asia and Levant	Turkey	Gordium	Iron Age IIB and C/Phrygian Kingdom and Achaemenid Empire	~900-330 BCE		No	900		2850	330		2280	specimens	39.655	31.994167
Western Asia and Levant	Turkey	Büyükkaya, Boĝazköy	Iron Age IIB/Phrygian Kingdom	~900-695 BCE		No	900		2850	695		2645	1 specimen	40.021111	34.609722
Western Asia and Levant	Turkey	Kaman-Kalehöyük	Iron Age IIB/Phrygian Kingdom	~900-695 BCE		No	900		2850	695		2645	2 specimens	39.362854	33.786714
Western Asia and Levant	United Arabian Emirates	Tell ed-Dur	N/A	1-400 CE		No		1	1949		400	1550	specimens	25.51323	55.56908
Western Asia and Levant	Yemen	Al-Hamid	Iron Age IIB-C	800-600 BCE		Maybe	800		2750	600		2550	3 specimens	13.45908	43.43445
Europe	England	Kennel Hall Knowe, North Tynedale, Northumberland	Late Iron Age/ Early Roman	1st c. BCE - 2nd c. CE		No	100		2050		200	1750	1 specimen	55.183333	-2.5
Europe	England	Thorpe Thewles, Durham	Late Iron Age	1st c. BCE - 1st c. CE		Maybe	100		2050		100	1850	2 specimens	54.6	-1.383333
Europe	England	Home Farm, Sewerby (Area E), East Riding	Late Iron Age	1st c. BCE - 1st c. CE		Maybe	100		2050		100	1850	1 specimen	54.107160	-0.15076067
Europe	England	Dragonby, Lincolnshire	Late Iron Age	1st c. BCE - 1st c. CE		Maybe	100		2050		100	1850	106 specimens	53.61550140	-0.63239000